"ID";"SBZH";"Habitattype";"Weight";"Date";"Regio";"TypePlot";"Jaar";"RangNr";"StratumWeight";"fps"
"734";"Binnen";"4010";1;2016-11-18;"Atlantic";"vegetatieopname";2016;1;59,3729147585655;18406
"2610";"Buiten";"4030";1;2014-08-25;"Atlantic";"vegetatieopname";2014;1;375,394417555413;7508
"3026";"Binnen";"4030";0,979180156176559;2014-09-09;"Atlantic";"vegetatieopname";2014;2;114,382132088648;40034
"5330";"Binnen";"2310";1;2014-09-16;"Atlantic";"vegetatieopname";2014;1;41,4513647749938;21555
"5422";"Binnen";"4030";1;2016-10-28;"Atlantic";"vegetatieopname";2016;3;114,382132088648;40034
"8786";"Buiten";"4030";1;2014-09-12;"Atlantic";"vegetatieopname";2014;4;375,394417555413;7508
"8893";"Binnen";"2310";1;2014-09-03;"Atlantic";"vegetatieopname";2014;2;41,4513647749938;21555
"9938";"Binnen";"4030";1;2014-09-01;"Atlantic";"vegetatieopname";2014;5;114,382132088648;40034
"10706";"Binnen";"2310";1;2015-06-01;"Atlantic";"vegetatieopname";2015;3;41,4513647749938;21555
"11218";"Binnen";"4010";0,999970507446378;2014-09-10;"Atlantic";"vegetatieopname";2014;2;59,3729147585655;18406
"11742";"Binnen";"4010";1;2016-10-27;"Atlantic";"vegetatieopname";2016;3;59,3729147585655;18406
"12274";"Binnen";"4030";1;2014-08-22;"Atlantic";"vegetatieopname";2014;6;114,382132088648;40034
"13686";"Binnen";"4030";1;2015-09-10;"Atlantic";"vegetatieopname";2015;7;114,382132088648;40034
"15070";"Binnen";"4010";1;2015-06-26;"Atlantic";"vegetatieopname";2015;4;59,3729147585655;18406
"20178";"Binnen";"2310";1;2014-09-08;"Atlantic";"vegetatieopname";2014;4;41,4513647749938;21555
"20406";"Binnen";"4030";1;2014-09-16;"Atlantic";"vegetatieopname";2014;8;114,382132088648;40034
"21430";"Binnen";"4030";0,765194370313666;2014-09-09;"Atlantic";"vegetatieopname";2014;9;114,382132088648;40034
"21714";"Binnen";"2330_bu";1;2014-09-19;"Atlantic";"vegetatieopname";2014;1;16,7230246124945;5853
"23538";"Binnen";"4010";1;2014-08-25;"Atlantic";"vegetatieopname";2014;5;59,3729147585655;18406
"23762";"Binnen";"2310";1;2014-09-11;"Atlantic";"vegetatieopname";2014;5;41,4513647749938;21555
"26322";"Binnen";"4030";1;2014-09-02;"Atlantic";"vegetatieopname";2014;10;114,382132088648;40034
"27090";"Binnen";"2310";1;2015-06-01;"Atlantic";"vegetatieopname";2015;6;41,4513647749938;21555
"27602";"Binnen";"4030";1;2014-09-09;"Atlantic";"vegetatieopname";2014;11;114,382132088648;40034
"28126";"Binnen";"4010";1;2016-10-11;"Atlantic";"vegetatieopname";2016;6;59,3729147585655;18406
"28370";"Binnen";"2310";0,871001951894246;2014-08-28;"Atlantic";"vegetatieopname";2014;7;41,4513647749938;21555
"28658";"Binnen";"4030";1;2014-08-21;"Atlantic";"vegetatieopname";2014;12;114,382132088648;40034
"29406";"Binnen";"2310";1;2014-08-21;"Atlantic";"vegetatieopname";2014;8;41,4513647749938;21555
"29622";"Binnen";"2310";0,698568377871301;2014-09-08;"Atlantic";"vegetatieopname";2014;9;41,4513647749938;21555
"32466";"Binnen";"2310";1;2014-09-11;"Atlantic";"vegetatieopname";2014;10;41,4513647749938;21555
"33502";"Binnen";"4030";1;2016-10-20;"Atlantic";"vegetatieopname";2016;13;114,382132088648;40034
"33718";"Binnen";"2330_bu";1;2014-09-02;"Atlantic";"vegetatieopname";2014;2;16,7230246124945;5853
"34514";"Binnen";"2310";1;2014-08-28;"Atlantic";"vegetatieopname";2014;11;41,4513647749938;21555
"35090";"Binnen";"4010";1;2015-09-24;"Atlantic";"vegetatieopname";2015;7;59,3729147585655;18406
"35794";"Binnen";"2310";0,787287434265829;2014-09-11;"Atlantic";"vegetatieopname";2014;12;41,4513647749938;21555
"37330";"Binnen";"4030";1;2014-08-28;"Atlantic";"vegetatieopname";2014;14;114,382132088648;40034
"38098";"Binnen";"2310";0,840973736859655;2014-09-17;"Atlantic";"vegetatieopname";2014;13;41,4513647749938;21555
"40054";"Binnen";"4010";1;2016-11-28;"Atlantic";"vegetatieopname";2016;8;59,3729147585655;18406
"40146";"Binnen";"4030";0,731121458361115;2014-09-08;"Atlantic";"vegetatieopname";2014;15;114,382132088648;40034
"42934";"Binnen";"4030";1;2014-09-10;"Atlantic";"vegetatieopname";2014;16;114,382132088648;40034
"43230";"Binnen";"4010";1;2016-11-21;"Atlantic";"vegetatieopname";2016;9;59,3729147585655;18406
"43566";"Binnen";"4030";1;2015-06-25;"Atlantic";"vegetatieopname";2015;17;114,382132088648;40034
"43858";"Binnen";"2330_bu";1;2014-08-28;"Atlantic";"vegetatieopname";2014;3;16,7230246124945;5853
"44626";"Binnen";"4030";1;2014-08-22;"Atlantic";"vegetatieopname";2014;18;114,382132088648;40034
"45790";"Binnen";"2310";1;2014-08-22;"Atlantic";"vegetatieopname";2014;14;41,4513647749938;21555
"46006";"Binnen";"4030";1;2014-09-09;"Atlantic";"vegetatieopname";2014;19;114,382132088648;40034
"50102";"Binnen";"4030";1;2014-09-02;"Atlantic";"vegetatieopname";2014;20;114,382132088648;40034
"54482";"Binnen";"4030";1;2014-09-22;"Atlantic";"vegetatieopname";2014;21;114,382132088648;40034
"54994";"Binnen";"4030";1;2014-08-29;"Atlantic";"vegetatieopname";2014;22;114,382132088648;40034
"55058";"Buiten";"2330_bu";1;2014-09-11;"Atlantic";"vegetatieopname";2014;4;91,9972513460925;1840
"59858";"Binnen";"2310";1;2015-06-01;"Atlantic";"vegetatieopname";2015;15;41,4513647749938;21555
"60894";"Binnen";"4030";1;2016-11-21;"Atlantic";"vegetatieopname";2016;23;114,382132088648;40034
"62141";"Binnen";"4010";0,80394270432902;2016-10-26;"Atlantic";"vegetatieopname";2016;10;59,3729147585655;18406
"62174";"Binnen";"2310";1;2014-09-03;"Atlantic";"vegetatieopname";2014;16;41,4513647749938;21555
"65234";"Binnen";"4010";1;2014-09-02;"Atlantic";"vegetatieopname";2014;11;59,3729147585655;18406
"65522";"Binnen";"4010";1;2014-08-20;"Atlantic";"vegetatieopname";2014;12;59,3729147585655;18406
"66006";"Binnen";"2310";1;2014-09-26;"Atlantic";"vegetatieopname";2014;17;41,4513647749938;21555
"66270";"Binnen";"4010";1;2016-10-25;"Atlantic";"vegetatieopname";2016;13;59,3729147585655;18406
"71902";"Binnen";"4010";1;2016-10-07;"Atlantic";"vegetatieopname";2016;14;59,3729147585655;18406
"72690";"Binnen";"4030";1;2014-08-20;"Atlantic";"vegetatieopname";2014;24;114,382132088648;40034
"75474";"Binnen";"4030";1;2014-09-01;"Atlantic";"vegetatieopname";2014;25;114,382132088648;40034
"76242";"Binnen";"4010";0,801668360543478;2014-09-09;"Atlantic";"vegetatieopname";2014;15;59,3729147585655;18406
"76754";"Binnen";"2310";1;2014-09-10;"Atlantic";"vegetatieopname";2014;18;41,4513647749938;21555
"77278";"Binnen";"4010";1;2016-11-30;"Atlantic";"vegetatieopname";2016;16;59,3729147585655;18406
"77394";"Binnen";"4030";1;2014-08-22;"Atlantic";"vegetatieopname";2014;26;114,382132088648;40034
"81374";"Binnen";"4010";1;2016-10-27;"Atlantic";"vegetatieopname";2016;17;59,3729147585655;18406
"82222";"Binnen";"4030";0,919626734322581;2016-10-21;"Atlantic";"vegetatieopname";2016;27;114,382132088648;40034
"82654";"Binnen";"4010";1;2016-11-25;"Atlantic";"vegetatieopname";2016;18;59,3729147585655;18406
"84946";"Binnen";"2310";1;2015-06-01;"Atlantic";"vegetatieopname";2015;19;41,4513647749938;21555
"87250";"Binnen";"4010";1;2017-07-17;"Atlantic";"vegetatieopname";2017;19;59,3729147585655;18406
"90846";"Binnen";"2310";1;2014-08-19;"Atlantic";"vegetatieopname";2014;20;41,4513647749938;21555
"91122";"Binnen";"4030";0,574609273274882;2017-07-03;"Atlantic";"vegetatieopname";2017;28;114,382132088648;40034
"91410";"Binnen";"4030";0,999970507446378;2016-09-27;"Atlantic";"vegetatieopname";2016;29;114,382132088648;40034
"91510";"Binnen";"2330_bu";1;2015-09-09;"Atlantic";"vegetatieopname";2015;5;16,7230246124945;5853
"92382";"Binnen";"4030";0,907927863567406;2016-10-07;"Atlantic";"vegetatieopname";2016;30;114,382132088648;40034
"93138";"Binnen";"2310";1;2014-09-09;"Atlantic";"vegetatieopname";2014;21;41,4513647749938;21555
"94942";"Binnen";"4010";1;2014-08-21;"Atlantic";"vegetatieopname";2014;20;59,3729147585655;18406
"95158";"Binnen";"2310";0,717355538221587;2014-09-09;"Atlantic";"vegetatieopname";2014;22;41,4513647749938;21555
"95710";"Binnen";"4010";0,984870436611055;2016-12-01;"Atlantic";"vegetatieopname";2016;21;59,3729147585655;18406
"95710";"Binnen";"4010";0,984870436611055;2016-12-05;"Atlantic";"vegetatieopname";2016;22;59,3729147585655;18406
"96978";"Binnen";"2310";1;2014-09-01;"Atlantic";"vegetatieopname";2014;23;41,4513647749938;21555
"98002";"Binnen";"2310";1;2014-09-11;"Atlantic";"vegetatieopname";2014;24;41,4513647749938;21555
"100050";"Binnen";"4010";0,759792926627744;2014-09-01;"Atlantic";"vegetatieopname";2014;23;59,3729147585655;18406
"102098";"Binnen";"2310";1;2014-09-11;"Atlantic";"vegetatieopname";2014;25;41,4513647749938;21555
"105682";"Binnen";"2310";1;2014-09-08;"Atlantic";"vegetatieopname";2014;26;41,4513647749938;21555
"106614";"Binnen";"4010";1;2016-11-17;"Atlantic";"vegetatieopname";2016;24;59,3729147585655;18406
"111326";"Binnen";"4010";1;2014-08-19;"Atlantic";"vegetatieopname";2014;25;59,3729147585655;18406
"115422";"Binnen";"2310";1;2015-06-23;"Atlantic";"vegetatieopname";2015;27;41,4513647749938;21555
"117202";"Binnen";"2310";1;2014-09-10;"Atlantic";"vegetatieopname";2014;28;41,4513647749938;21555
"120018";"Binnen";"4010";1;2014-09-15;"Atlantic";"vegetatieopname";2014;26;59,3729147585655;18406
"120110";"Binnen";"4010";1;2014-09-24;"Atlantic";"vegetatieopname";2014;27;59,3729147585655;18406
"122578";"Binnen";"4010";0,7284374379628;2014-08-29;"Atlantic";"vegetatieopname";2014;28;59,3729147585655;18406
"124278";"Binnen";"2310";1;2014-09-23;"Atlantic";"vegetatieopname";2014;29;41,4513647749938;21555
"124382";"Binnen";"4010";1;2016-10-12;"Atlantic";"vegetatieopname";2016;29;59,3729147585655;18406
"125394";"Binnen";"2310";1;2015-06-01;"Atlantic";"vegetatieopname";2015;30;41,4513647749938;21555
"125998";"Binnen";"4030";0,867530016283834;2016-10-24;"Atlantic";"vegetatieopname";2016;31;114,382132088648;40034
"127710";"Binnen";"2310";1;2016-11-16;"Atlantic";"vegetatieopname";2016;31;41,4513647749938;21555
"129234";"Binnen";"4010";1;2014-09-11;"Atlantic";"vegetatieopname";2014;30;59,3729147585655;18406
"131806";"Binnen";"4010";1;2016-10-20;"Atlantic";"vegetatieopname";2016;31;59,3729147585655;18406
"134098";"Binnen";"2310";1;2014-09-09;"Atlantic";"vegetatieopname";2014;32;41,4513647749938;21555
"136402";"Binnen";"4030";1;2014-09-16;"Atlantic";"vegetatieopname";2014;32;114,382132088648;40034
"144094";"Binnen";"2310";1;2014-09-03;"Atlantic";"vegetatieopname";2014;33;41,4513647749938;21555
"151250";"Binnen";"2310";1;2014-09-08;"Atlantic";"vegetatieopname";2014;34;41,4513647749938;21555
"152786";"Binnen";"2310";0,704694860742418;2014-09-19;"Atlantic";"vegetatieopname";2014;35;41,4513647749938;21555
"170834";"Buiten";"2330_bu";1;2017-07-07;"Atlantic";"vegetatieopname";2017;6;91,9972513460925;1840
"177078";"Binnen";"2330_bu";1;2014-09-10;"Atlantic";"vegetatieopname";2014;7;16,7230246124945;5853
"213942";"Binnen";"2330_bu";1;2014-09-05;"Atlantic";"vegetatieopname";2014;8;16,7230246124945;5853
"218322";"Binnen";"4030";1;2014-09-19;"Atlantic";"vegetatieopname";2014;33;114,382132088648;40034
"225910";"Binnen";"2330_bu";1;2014-09-23;"Atlantic";"vegetatieopname";2014;9;16,7230246124945;5853
"226230";"Binnen";"2330_bu";0,256367175307593;2014-09-08;"Atlantic";"vegetatieopname";2014;10;16,7230246124945;5853
"236370";"Binnen";"2330_bu";1;2014-08-27;"Atlantic";"vegetatieopname";2014;11;16,7230246124945;5853
"267190";"Binnen";"4030";1;2014-09-08;"Atlantic";"vegetatieopname";2014;34;114,382132088648;40034
"279478";"Binnen";"4010";1;2014-09-03;"Atlantic";"vegetatieopname";2014;32;59,3729147585655;18406
"295862";"Binnen";"2330_bu";0,223782656804328;2014-09-03;"Atlantic";"vegetatieopname";2014;12;16,7230246124945;5853
"304338";"Binnen";"2310";1;2014-09-22;"Atlantic";"vegetatieopname";2014;36;41,4513647749938;21555
"306130";"Binnen";"2310";1;2014-09-10;"Atlantic";"vegetatieopname";2014;37;41,4513647749938;21555
"331702";"Binnen";"2310";0,76238754517531;2014-09-16;"Atlantic";"vegetatieopname";2014;38;41,4513647749938;21555
"332726";"Binnen";"4030";1;2014-09-05;"Atlantic";"vegetatieopname";2014;35;114,382132088648;40034
"361398";"Binnen";"2330_bu";1;2014-09-02;"Atlantic";"vegetatieopname";2014;13;16,7230246124945;5853
"386422";"Binnen";"2330_bu";1;2014-09-23;"Atlantic";"vegetatieopname";2014;14;16,7230246124945;5853
"398546";"Binnen";"2310";1;2014-09-15;"Atlantic";"vegetatieopname";2014;39;41,4513647749938;21555
"431314";"Binnen";"2330_bu";1;2014-09-17;"Atlantic";"vegetatieopname";2014;15;16,7230246124945;5853
"433362";"Binnen";"2310";1;2014-09-08;"Atlantic";"vegetatieopname";2014;40;41,4513647749938;21555
"445266";"Binnen";"2330_bu";0,599105380380149;2014-08-27;"Atlantic";"vegetatieopname";2014;16;16,7230246124945;5853
"458462";"Binnen";"2310";1;2014-09-02;"Atlantic";"vegetatieopname";2014;41;41,4513647749938;21555
"459222";"Binnen";"2310";1;2014-09-26;"Atlantic";"vegetatieopname";2014;42;41,4513647749938;21555
"463798";"Binnen";"2310";1;2014-09-09;"Atlantic";"vegetatieopname";2014;43;41,4513647749938;21555
"476086";"Binnen";"2310";0,675019340921222;2014-09-04;"Atlantic";"vegetatieopname";2014;44;41,4513647749938;21555
"488054";"Binnen";"2310";1;2014-09-23;"Atlantic";"vegetatieopname";2014;45;41,4513647749938;21555
"488374";"Binnen";"4030";1;2014-09-08;"Atlantic";"vegetatieopname";2014;36;114,382132088648;40034
"492470";"Binnen";"4030";0,287068360317604;2014-09-04;"Atlantic";"vegetatieopname";2014;37;114,382132088648;40034
"498514";"Binnen";"2310";1;2014-08-27;"Atlantic";"vegetatieopname";2014;46;41,4513647749938;21555
"502610";"Binnen";"2310";1;2017-07-10;"Atlantic";"vegetatieopname";2017;47;41,4513647749938;21555
"503414";"Binnen";"2330_bu";0,999970507446378;2016-10-05;"Atlantic";"vegetatieopname";2016;17;16,7230246124945;5853
"504542";"Binnen";"2310";0,999970507446378;2016-09-19;"Atlantic";"vegetatieopname";2016;48;41,4513647749938;21555
"546002";"Binnen";"2310";1;2017-07-17;"Atlantic";"vegetatieopname";2017;49;41,4513647749938;21555
"551218";"Binnen";"2310";1;2017-06-28;"Atlantic";"vegetatieopname";2017;50;41,4513647749938;21555
"579958";"Binnen";"2310";0,251504107602007;2016-09-28;"Atlantic";"vegetatieopname";2016;51;41,4513647749938;21555
"583030";"Binnen";"2330_bu";0,999970507446378;2016-09-29;"Atlantic";"vegetatieopname";2016;18;16,7230246124945;5853
"602846";"Binnen";"2330_bu";0,999970507446378;2016-10-03;"Atlantic";"vegetatieopname";2016;19;16,7230246124945;5853
"648566";"Binnen";"2330_bu";0,999970507446378;2016-09-29;"Atlantic";"vegetatieopname";2016;20;16,7230246124945;5853
"656246";"Binnen";"2330_bu";0,999970507446378;2016-10-05;"Atlantic";"vegetatieopname";2016;21;16,7230246124945;5853
"659382";"Binnen";"2330_bu";1;2017-07-20;"Atlantic";"vegetatieopname";2017;22;16,7230246124945;5853
"714198";"Binnen";"2330_bu";0,999970507446378;2016-10-14;"Atlantic";"vegetatieopname";2016;23;16,7230246124945;5853
"714230";"Binnen";"2330_bu";0,999970507446378;2016-09-28;"Atlantic";"vegetatieopname";2016;24;16,7230246124945;5853
"742610";"Binnen";"2330_bu";1;2017-07-17;"Atlantic";"vegetatieopname";2017;25;16,7230246124945;5853
"808146";"Binnen";"2330_bu";1;2017-07-17;"Atlantic";"vegetatieopname";2017;26;16,7230246124945;5853
"821462";"Binnen";"2330_bu";0,999970507446378;2016-10-21;"Atlantic";"vegetatieopname";2016;27;16,7230246124945;5853
"877942";"Binnen";"2330_bu";0,999970507446378;2016-09-30;"Atlantic";"vegetatieopname";2016;28;16,7230246124945;5853
"884342";"Binnen";"2330_bu";0,999970507446378;2016-10-05;"Atlantic";"vegetatieopname";2016;29;16,7230246124945;5853
"937682";"Binnen";"2330_bu";1;2017-07-28;"Atlantic";"vegetatieopname";2017;30;16,7230246124945;5853
"963294";"Binnen";"2330_bu";0,999970507446378;2016-09-19;"Atlantic";"vegetatieopname";2016;31;16,7230246124945;5853
"976246";"Binnen";"2310";0,999970507446378;2016-09-28;"Atlantic";"vegetatieopname";2016;52;41,4513647749938;21555
"1003230";"Binnen";"2330_bu";0,999970507446378;2016-09-15;"Atlantic";"vegetatieopname";2016;32;16,7230246124945;5853
"1043410";"Binnen";"2330_bu";1;2017-07-28;"Atlantic";"vegetatieopname";2017;33;16,7230246124945;5853
"1076854";"Binnen";"2330_bu";0,999970507446378;2016-10-04;"Atlantic";"vegetatieopname";2016;34;16,7230246124945;5853
"1085366";"Binnen";"2330_bu";0,683402483695316;2017-07-20;"Atlantic";"vegetatieopname";2017;35;16,7230246124945;5853
"1092434";"Binnen";"2330_bu";1;2017-07-10;"Atlantic";"vegetatieopname";2017;36;16,7230246124945;5853
"1110750";"Binnen";"2330_bu";0,999970507446378;2016-10-03;"Atlantic";"vegetatieopname";2016;37;16,7230246124945;5853
